<component name="ProjectRunConfigurationManager">
  <configuration default="false" name="tomcat9" type="#com.intellij.j2ee.web.tomcat.TomcatRunConfigurationFactory" factoryName="Local" APPLICATION_SERVER_NAME="Tomcat 9.0.106" ALTERNATIVE_JRE_ENABLED="false">
    <option name="COMMON_VM_ARGUMENTS" value="-Dfile.encoding=UTF-8" />
    <option name="UPDATE_ON_FRAME_DEACTIVATION" value="true" />
    <option name="UPDATE_CLASSES_ON_FRAME_DEACTIVATION" value="true" />
    <deployment>
      <artifact name="Gradle : com.busanit501 : Hello_Project-1.0-SNAPSHOT.war (exploded)">
        <settings>
          <option name="CONTEXT_PATH" value="/" />
        </settings>
      </artifact>
    </deployment>
    <server-settings>
      <option name="BASE_DIRECTORY_NAME" value="44f4cb62-1c1d-4873-bd23-87d492b3f8ec" />
    </server-settings>
    <predefined_log_file enabled="true" id="Tomcat" />
    <predefined_log_file enabled="true" id="Tomcat Catalina" />
    <predefined_log_file id="Tomcat Manager" />
    <predefined_log_file id="Tomcat Host Manager" />
    <predefined_log_file id="Tomcat Localhost Access" />
    <RunnerSettings RunnerId="Debug">
      <option name="DEBUG_PORT" value="65123" />
    </RunnerSettings>
    <ConfigurationWrapper VM_VAR="JAVA_OPTS" RunnerId="Cover">
      <option name="USE_ENV_VARIABLES" value="true" />
      <STARTUP>
        <option name="USE_DEFAULT" value="true" />
        <option name="SCRIPT" value="" />
        <option name="VM_PARAMETERS" value="" />
        <option name="PROGRAM_PARAMETERS" value="" />
      </STARTUP>
      <SHUTDOWN>
        <option name="USE_DEFAULT" value="true" />
        <option name="SCRIPT" value="" />
        <option name="VM_PARAMETERS" value="" />
        <option name="PROGRAM_PARAMETERS" value="" />
      </SHUTDOWN>
    </ConfigurationWrapper>
    <ConfigurationWrapper VM_VAR="JAVA_OPTS" RunnerId="Debug">
      <option name="USE_ENV_VARIABLES" value="true" />
      <STARTUP>
        <option name="USE_DEFAULT" value="true" />
        <option name="SCRIPT" value="" />
        <option name="VM_PARAMETERS" value="" />
        <option name="PROGRAM_PARAMETERS" value="" />
      </STARTUP>
      <SHUTDOWN>
        <option name="USE_DEFAULT" value="true" />
        <option name="SCRIPT" value="" />
        <option name="VM_PARAMETERS" value="" />
        <option name="PROGRAM_PARAMETERS" value="" />
      </SHUTDOWN>
    </ConfigurationWrapper>
    <ConfigurationWrapper VM_VAR="JAVA_OPTS" RunnerId="Profile">
      <option name="USE_ENV_VARIABLES" value="true" />
      <STARTUP>
        <option name="USE_DEFAULT" value="true" />
        <option name="SCRIPT" value="" />
        <option name="VM_PARAMETERS" value="" />
        <option name="PROGRAM_PARAMETERS" value="" />
      </STARTUP>
      <SHUTDOWN>
        <option name="USE_DEFAULT" value="true" />
        <option name="SCRIPT" value="" />
        <option name="VM_PARAMETERS" value="" />
        <option name="PROGRAM_PARAMETERS" value="" />
      </SHUTDOWN>
    </ConfigurationWrapper>
    <ConfigurationWrapper VM_VAR="JAVA_OPTS" RunnerId="Run">
      <option name="USE_ENV_VARIABLES" value="true" />
      <STARTUP>
        <option name="USE_DEFAULT" value="true" />
        <option name="SCRIPT" value="" />
        <option name="VM_PARAMETERS" value="" />
        <option name="PROGRAM_PARAMETERS" value="" />
      </STARTUP>
      <SHUTDOWN>
        <option name="USE_DEFAULT" value="true" />
        <option name="SCRIPT" value="" />
        <option name="VM_PARAMETERS" value="" />
        <option name="PROGRAM_PARAMETERS" value="" />
      </SHUTDOWN>
    </ConfigurationWrapper>
    <method v="2">
      <option name="Make" enabled="true" />
      <option name="BuildArtifacts" enabled="true">
        <artifact name="Gradle : com.busanit501 : Hello_Project-1.0-SNAPSHOT.war (exploded)" />
      </option>
    </method>
  </configuration>
</component>