<?xml version="1.0" encoding="UTF-8"?>
<project version="4">
  <component name="AutoImportSettings">
    <option name="autoReloadType" value="SELECTIVE" />
  </component>
  <component name="ChangeListManager">
    <list default="true" id="ff02674e-51a5-496e-9e7f-25dca500f0e1" name="변경" comment="">
      <change afterPath="$PROJECT_DIR$/src/main/java/com/busanit501/hello_project/LsyServlet.java" afterDir="false" />
      <change afterPath="$PROJECT_DIR$/src/main/java/com/busanit501/hello_project/calc/CalcController.java" afterDir="false" />
      <change afterPath="$PROJECT_DIR$/src/main/java/com/busanit501/hello_project/calc/InputController.java" afterDir="false" />
      <change afterPath="$PROJECT_DIR$/src/main/java/com/busanit501/hello_project/index/IndexController.java" afterDir="false" />
      <change afterPath="$PROJECT_DIR$/src/main/java/com/busanit501/hello_project/todo/TodoListController.java" afterDir="false" />
      <change afterPath="$PROJECT_DIR$/src/main/java/com/busanit501/hello_project/todo/TodoRegController.java" afterDir="false" />
      <change afterPath="$PROJECT_DIR$/src/main/webapp/WEB-INF/calc/calcResult.jsp" afterDir="false" />
      <change afterPath="$PROJECT_DIR$/src/main/webapp/WEB-INF/calc/input.jsp" afterDir="false" />
      <change afterPath="$PROJECT_DIR$/src/main/webapp/WEB-INF/index.jsp" afterDir="false" />
      <change afterPath="$PROJECT_DIR$/src/main/webapp/WEB-INF/todo/todoList.jsp" afterDir="false" />
      <change afterPath="$PROJECT_DIR$/src/main/webapp/WEB-INF/todo/todoReg.jsp" afterDir="false" />
      <change afterPath="$PROJECT_DIR$/src/main/webapp/calc/calcResult.jsp" afterDir="false" />
      <change afterPath="$PROJECT_DIR$/src/main/webapp/calc/input.jsp" afterDir="false" />
      <change afterPath="$PROJECT_DIR$/src/main/webapp/test.jsp" afterDir="false" />
      <change beforePath="$PROJECT_DIR$/src/main/java/com/busanit501/hello_project/MyServlet.java" beforeDir="false" afterPath="$PROJECT_DIR$/src/main/java/com/busanit501/hello_project/MyServlet.java" afterDir="false" />
      <change beforePath="$PROJECT_DIR$/src/main/webapp/index.jsp" beforeDir="false" afterPath="$PROJECT_DIR$/src/main/webapp/index.jsp" afterDir="false" />
    </list>
    <option name="SHOW_DIALOG" value="false" />
    <option name="HIGHLIGHT_CONFLICTS" value="true" />
    <option name="HIGHLIGHT_NON_ACTIVE_CHANGELIST" value="false" />
    <option name="LAST_RESOLUTION" value="IGNORE" />
  </component>
  <component name="Git.Settings">
    <option name="RECENT_GIT_ROOT_PATH" value="$PROJECT_DIR$" />
  </component>
  <component name="GitHubPullRequestSearchHistory">{
  &quot;lastFilter&quot;: {
    &quot;state&quot;: &quot;OPEN&quot;,
    &quot;assignee&quot;: &quot;logi0116&quot;
  }
}</component>
  <component name="GithubPullRequestsUISettings">{
  &quot;selectedUrlAndAccountId&quot;: {
    &quot;url&quot;: &quot;https://github.com/logi0116/Hello_project.git&quot;,
    &quot;accountId&quot;: &quot;97aed656-5ff4-4cc3-bd7c-be1958435fc4&quot;
  }
}</component>
  <component name="KubernetesApiPersistence"><![CDATA[{}]]></component>
  <component name="KubernetesApiProvider"><![CDATA[{
  "isMigrated": true
}]]></component>
  <component name="ProjectColorInfo">{
  &quot;associatedIndex&quot;: 3
}</component>
  <component name="ProjectId" id="2ytIWWMn7CbLSCoP9ylWlxoCh4i" />
  <component name="ProjectLevelVcsManager">
    <ConfirmationsSetting value="2" id="Add" />
  </component>
  <component name="ProjectViewState">
    <option name="hideEmptyMiddlePackages" value="true" />
    <option name="showLibraryContents" value="true" />
  </component>
  <component name="PropertiesComponent"><![CDATA[{
  "keyToString": {
    "RunOnceActivity.ShowReadmeOnStart": "true",
    "RunOnceActivity.git.unshallow": "true",
    "git-widget-placeholder": "master",
    "last_opened_file_path": "C:/Users/it/Documents/000.my/Test_project/src",
    "nodejs_package_manager_path": "npm",
    "vue.rearranger.settings.migration": "true"
  }
}]]></component>
  <component name="RecentsManager">
    <key name="CopyFile.RECENT_KEYS">
      <recent name="C:\Users\it\Documents\000.my\Test_project\src" />
    </key>
  </component>
  <component name="SharedIndexes">
    <attachedChunks>
      <set>
        <option value="bundled-jdk-9823dce3aa75-fbdcb00ec9e3-intellij.indexing.shared.core-IU-251.26094.121" />
        <option value="bundled-js-predefined-d6986cc7102b-b26f3e71634d-JavaScript-IU-251.26094.121" />
      </set>
    </attachedChunks>
  </component>
  <component name="TaskManager">
    <task active="true" id="Default" summary="디폴트 작업">
      <changelist id="ff02674e-51a5-496e-9e7f-25dca500f0e1" name="변경" comment="" />
      <created>1750647475137</created>
      <option name="number" value="Default" />
      <option name="presentableId" value="Default" />
      <updated>1750647475137</updated>
      <workItem from="1750647476285" duration="20000" />
      <workItem from="1750647505464" duration="125000" />
    </task>
    <servers />
  </component>
  <component name="TypeScriptGeneratedFilesManager">
    <option name="version" value="3" />
  </component>
</project>